first_name,last_name,gender,age,email,phone,salary
Agata,Wilson,Female,19,a.wilson@randatmail.com,204-5336-85,33883
Jessica,Johnston,Female,24,j.johnston@randatmail.com,830-0314-35,68871
Roman,Stewart,Male,27,r.stewart@randatmail.com,463-1281-81,197996
Elise,Dixon,Female,22,e.dixon@randatmail.com,418-8725-06,111804
Haris,Miller,Male,30,h.miller@randatmail.com,455-7707-18,58882
Kate,Wilson,Female,19,k.wilson@randatmail.com,424-2412-25,191079
Carlos,Payne,Male,18,c.payne@randatmail.com,826-6004-53,93409
Roland,Nelson,Male,25,r.nelson@randatmail.com,011-4359-71,183901
Charlie,Lloyd,Male,28,c.lloyd@randatmail.com,082-2034-82,95185
Maximilian,Nelson,Male,24,m.nelson@randatmail.com,215-8288-10,113727
Abraham,Hunt,Male,19,a.hunt@randatmail.com,053-2999-69,92154
Natalie,Martin,Female,28,n.martin@randatmail.com,192-6566-47,34703
Sabrina,Allen,Female,19,s.allen@randatmail.com,700-5687-53,104847
Sabrina,Walker,Female,26,s.walker@randatmail.com,295-7865-17,186364
Marcus,Elliott,Male,19,m.elliott@randatmail.com,520-8527-81,160464
Sydney,Riley,Female,18,s.riley@randatmail.com,962-0211-23,196009
Paige,Hunt,Female,30,p.hunt@randatmail.com,499-3050-08,89744
Henry,Wright,Male,22,h.wright@randatmail.com,126-5104-64,55949
Patrick,Ferguson,Male,26,p.ferguson@randatmail.com,594-8539-54,147205
Penelope,Grant,Female,22,p.grant@randatmail.com,280-0966-57,150210
Jordan,Andrews,Male,23,j.andrews@randatmail.com,297-7034-14,99943
Madaline,Bailey,Female,22,m.bailey@randatmail.com,403-3460-83,53209
Heather,Alexander,Female,29,h.alexander@randatmail.com,313-5226-15,159269
Carl,Roberts,Male,26,c.roberts@randatmail.com,067-5911-51,78458
Arthur,Morrison,Male,22,a.morrison@randatmail.com,151-1387-86,179663
Roland,Chapman,Male,23,r.chapman@randatmail.com,516-0881-07,54850
Melanie,Higgins,Female,29,m.higgins@randatmail.com,625-1085-30,48801
Jasmine,Ross,Female,29,j.ross@randatmail.com,267-6899-39,47301
George,Carroll,Male,18,g.carroll@randatmail.com,874-9434-28,54121
Sawyer,Campbell,Male,27,s.campbell@randatmail.com,767-4019-21,102418
Maya,Miller,Female,25,m.miller@randatmail.com,214-6122-57,175339
Edward,Grant,Male,21,e.grant@randatmail.com,716-1709-93,99915
Sawyer,Bennett,Male,28,s.bennett@randatmail.com,517-7105-50,139923
Adrian,Spencer,Male,28,a.spencer@randatmail.com,737-0706-40,176534
Miley,Ryan,Female,24,m.ryan@randatmail.com,336-3378-19,36801
Eleanor,Jones,Female,27,e.jones@randatmail.com,133-3602-98,167682
Catherine,Chapman,Female,25,c.chapman@randatmail.com,888-8838-13,147601
David,Douglas,Male,26,d.douglas@randatmail.com,250-0389-38,84058
Charlotte,Miller,Female,20,c.miller@randatmail.com,841-4312-66,133473
Sofia,Moore,Female,22,s.moore@randatmail.com,278-8411-10,78934
Harold,Chapman,Male,27,h.chapman@randatmail.com,708-1187-14,181034
Oscar,Kelly,Male,23,o.kelly@randatmail.com,083-0336-63,191250
Alan,Riley,Male,20,a.riley@randatmail.com,954-1454-35,186571
Camila,Farrell,Female,21,c.farrell@randatmail.com,404-1209-72,162177
Aiden,Davis,Male,19,a.davis@randatmail.com,291-2921-38,71856
Eddy,Nelson,Male,19,e.nelson@randatmail.com,178-7505-00,31330
Adrianna,Ross,Female,22,a.ross@randatmail.com,837-5504-09,170117
Victor,Elliott,Male,18,v.elliott@randatmail.com,747-7991-09,107400
Lucy,Harrison,Female,22,l.harrison@randatmail.com,912-1591-80,175123
Annabella,Johnston,Female,27,a.johnston@randatmail.com,369-3874-68,193728
Alina,Watson,Female,18,a.watson@randatmail.com,150-7774-39,152371
Sawyer,Davis,Male,30,s.davis@randatmail.com,868-6283-47,122496
Luke,Walker,Male,30,l.walker@randatmail.com,479-9907-78,43425
Wilson,Ferguson,Male,27,w.ferguson@randatmail.com,341-1155-04,146905
Haris,Scott,Male,20,h.scott@randatmail.com,059-7481-68,54969
Garry,Smith,Male,26,g.smith@randatmail.com,799-2698-46,111939
Brooke,Morgan,Female,29,b.morgan@randatmail.com,504-7276-97,74333
Eric,Riley,Male,23,e.riley@randatmail.com,520-9533-05,123773
Melissa,Sullivan,Female,27,m.sullivan@randatmail.com,445-8186-47,132801
Savana,Ryan,Female,28,s.ryan@randatmail.com,825-5167-67,145158
Maria,Scott,Female,23,m.scott@randatmail.com,276-5626-48,73162
Edith,Harrison,Female,28,e.harrison@randatmail.com,481-1494-12,36143
Alberta,Ferguson,Female,20,a.ferguson@randatmail.com,325-5321-05,82814
Connie,Holmes,Female,19,c.holmes@randatmail.com,997-9275-60,137975
Aida,Barnes,Female,22,a.barnes@randatmail.com,908-0508-61,182056
Connie,Adams,Female,30,c.adams@randatmail.com,841-5476-57,63801
Edith,Richards,Female,19,e.richards@randatmail.com,529-5549-18,45294
Clark,Evans,Male,24,c.evans@randatmail.com,767-0596-11,65549
Deanna,Alexander,Female,18,d.alexander@randatmail.com,253-0402-46,116704
Dale,Fowler,Male,30,d.fowler@randatmail.com,676-1659-89,157877
Paul,Reed,Male,21,p.reed@randatmail.com,581-1179-42,174424
Catherine,Richardson,Female,22,c.richardson@randatmail.com,407-4140-14,93019
Michelle,Grant,Female,22,m.grant@randatmail.com,781-5850-95,177899
Sabrina,Tucker,Female,29,s.tucker@randatmail.com,080-0903-14,123397
Charlotte,Evans,Female,25,c.evans@randatmail.com,371-9342-53,155193
Catherine,Wells,Female,23,c.wells@randatmail.com,899-4972-35,161395
Olivia,Miller,Female,25,o.miller@randatmail.com,612-1161-45,140736
Alissa,Wilson,Female,28,a.wilson@randatmail.com,207-5364-85,141470
Amy,Richards,Female,20,a.richards@randatmail.com,480-2566-27,57859
Cherry,Hall,Female,25,c.hall@randatmail.com,180-2230-85,87134
Alissa,Phillips,Female,21,a.phillips@randatmail.com,610-6781-61,150646
Michelle,Harris,Female,29,m.harris@randatmail.com,493-3849-79,57179
Miller,Riley,Male,29,m.riley@randatmail.com,587-5015-37,159684
Nicholas,Hill,Male,22,n.hill@randatmail.com,016-2030-11,198332
Alisa,Wright,Female,28,a.wright@randatmail.com,442-1971-05,100630
Albert,Morris,Male,28,a.morris@randatmail.com,315-4924-56,189632
Amanda,Turner,Female,20,a.turner@randatmail.com,201-6559-33,81172
Tess,Turner,Female,19,t.turner@randatmail.com,633-8176-16,97345
Robert,Cole,Male,21,r.cole@randatmail.com,230-6542-47,197483
Darcy,Lloyd,Female,29,d.lloyd@randatmail.com,523-9110-28,134451
Max,Bailey,Male,21,m.bailey@randatmail.com,576-8029-60,118102
Roman,Ferguson,Male,30,r.ferguson@randatmail.com,276-2745-39,101590
Jenna,Fowler,Female,21,j.fowler@randatmail.com,360-7894-01,137682
Steven,Thomas,Male,23,s.thomas@randatmail.com,454-9688-37,171858
Edward,Montgomery,Male,18,e.montgomery@randatmail.com,219-7484-22,117532
Ned,Jones,Male,26,n.jones@randatmail.com,116-9283-41,101553
Jordan,Scott,Male,28,j.scott@randatmail.com,977-2178-25,182508
Antony,Fowler,Male,23,a.fowler@randatmail.com,175-2964-68,91351
Maria,Phillips,Female,26,m.phillips@randatmail.com,827-8574-98,134365
Antony,Owens,Male,29,a.owens@randatmail.com,573-0665-39,174866
Sophia,Rogers,Female,30,s.rogers@randatmail.com,584-2006-12,160469
Carl,Brooks,Male,26,c.brooks@randatmail.com,612-6022-75,136325
Lana,Turner,Female,25,l.turner@randatmail.com,674-4595-67,144961
Samantha,Roberts,Female,23,s.roberts@randatmail.com,345-0796-71,163611
Spike,Bailey,Male,19,s.bailey@randatmail.com,819-1928-63,63693
Sydney,Chapman,Female,18,s.chapman@randatmail.com,478-0113-78,129583
Elise,Stewart,Female,27,e.stewart@randatmail.com,173-2474-63,174568
Henry,Johnston,Male,23,h.johnston@randatmail.com,872-8281-55,138553
Tara,Craig,Female,27,t.craig@randatmail.com,750-7906-91,147907
Annabella,Elliott,Female,26,a.elliott@randatmail.com,960-5951-30,53400
Roland,Allen,Male,20,r.allen@randatmail.com,018-5887-66,174931
Emma,Watson,Female,24,e.watson@randatmail.com,779-3683-72,67155
Eleanor,Warren,Female,29,e.warren@randatmail.com,424-1651-45,176975
Amanda,Hamilton,Female,24,a.hamilton@randatmail.com,414-5050-66,130013
Olivia,Hawkins,Female,29,o.hawkins@randatmail.com,002-7301-27,64446
Elise,Cunningham,Female,30,e.cunningham@randatmail.com,760-8109-61,103641
Jenna,Owens,Female,28,j.owens@randatmail.com,312-9398-34,162900
Arianna,Edwards,Female,23,a.edwards@randatmail.com,372-7440-26,96442
Alfred,Johnston,Male,23,a.johnston@randatmail.com,812-4260-59,147005
Charlie,Gibson,Male,29,c.gibson@randatmail.com,394-3739-88,182521
Savana,Williams,Female,28,s.williams@randatmail.com,584-9469-05,175889
Penelope,Armstrong,Female,22,p.armstrong@randatmail.com,251-8784-12,72944
Julian,Brooks,Male,24,j.brooks@randatmail.com,299-3789-53,166291
Carl,Dixon,Male,21,c.dixon@randatmail.com,928-2546-44,115055
Rubie,Adams,Female,30,r.adams@randatmail.com,282-6560-16,41336
Mary,Cooper,Female,28,m.cooper@randatmail.com,070-3536-11,104829
Adam,Casey,Male,30,a.casey@randatmail.com,053-8840-74,73161
Edgar,Foster,Male,29,e.foster@randatmail.com,553-6290-92,136678
Kimberly,Murphy,Female,25,k.murphy@randatmail.com,462-5220-50,95733
Robert,Walker,Male,30,r.walker@randatmail.com,924-4044-72,91863
Jenna,Parker,Female,30,j.parker@randatmail.com,086-8710-51,55839
Michelle,Cooper,Female,20,m.cooper@randatmail.com,646-2663-46,141750
Sophia,Robinson,Female,22,s.robinson@randatmail.com,844-9292-23,63040
Sam,Reed,Male,23,s.reed@randatmail.com,294-5376-78,84135
Fenton,Cunningham,Male,19,f.cunningham@randatmail.com,680-5548-31,50526
Derek,Montgomery,Male,23,d.montgomery@randatmail.com,499-9494-89,185174
Marcus,Bennett,Male,29,m.bennett@randatmail.com,460-0401-95,97523
Grace,Lloyd,Female,30,g.lloyd@randatmail.com,745-3240-06,47155
Eddy,Morrison,Male,27,e.morrison@randatmail.com,035-1301-23,41163
Caroline,Turner,Female,24,c.turner@randatmail.com,437-6354-49,69586
Violet,Wells,Female,26,v.wells@randatmail.com,353-9292-26,167428
Adelaide,Howard,Female,19,a.howard@randatmail.com,239-4627-36,34704
Richard,Hall,Male,30,r.hall@randatmail.com,467-2683-28,193242
Audrey,Morrison,Female,28,a.morrison@randatmail.com,387-4076-31,66114
James,Reed,Male,27,j.reed@randatmail.com,101-1178-98,79016
Roman,Wright,Male,29,r.wright@randatmail.com,878-3444-05,112299
Alford,Baker,Male,21,a.baker@randatmail.com,330-9028-44,93887
Lyndon,Mitchell,Male,27,l.mitchell@randatmail.com,285-0295-08,139916
Lyndon,Alexander,Male,23,l.alexander@randatmail.com,726-9341-66,81849
Adison,Chapman,Male,26,a.chapman@randatmail.com,619-8174-11,151949
Catherine,Hall,Female,24,c.hall@randatmail.com,678-4606-00,185752
Fiona,Evans,Female,27,f.evans@randatmail.com,704-8003-04,112437
Rebecca,Nelson,Female,24,r.nelson@randatmail.com,178-3273-76,178908
Blake,Harris,Male,18,b.harris@randatmail.com,575-8561-06,43889
Julia,Fowler,Female,27,j.fowler@randatmail.com,289-7544-87,61416
Arianna,Phillips,Female,18,a.phillips@randatmail.com,926-5644-18,61275
Albert,Murray,Male,22,a.murray@randatmail.com,874-7214-06,36252
Tess,Spencer,Female,18,t.spencer@randatmail.com,298-6473-02,115311
Henry,Bailey,Male,25,h.bailey@randatmail.com,481-1202-59,32454
Charlotte,Bailey,Female,21,c.bailey@randatmail.com,856-0699-96,157848
Kristian,Alexander,Male,26,k.alexander@randatmail.com,817-2302-34,44289
Tara,Adams,Female,18,t.adams@randatmail.com,028-1113-09,150312
Amy,Cameron,Female,26,a.cameron@randatmail.com,221-0722-38,164521
Adrian,Robinson,Male,27,a.robinson@randatmail.com,849-3263-34,124410
Martin,Perry,Male,24,m.perry@randatmail.com,158-1065-21,91619
Nicholas,Ferguson,Male,18,n.ferguson@randatmail.com,031-5152-76,130397
Anna,Stewart,Female,27,a.stewart@randatmail.com,580-5289-60,143432
Melissa,Thomas,Female,22,m.thomas@randatmail.com,307-5092-10,86314
Clark,Richards,Male,23,c.richards@randatmail.com,862-9743-13,55024
Abraham,Higgins,Male,29,a.higgins@randatmail.com,834-3923-86,121283
Miller,Armstrong,Male,29,m.armstrong@randatmail.com,949-2574-71,56536
Edith,Cunningham,Female,30,e.cunningham@randatmail.com,288-4234-59,73725
Clark,Watson,Male,26,c.watson@randatmail.com,843-8092-14,72722
Kate,Hall,Female,28,k.hall@randatmail.com,386-5509-43,176410
Samantha,Phillips,Female,25,s.phillips@randatmail.com,399-3297-53,125012
Sabrina,Russell,Female,25,s.russell@randatmail.com,189-7994-17,84181
Nicholas,Murray,Male,18,n.murray@randatmail.com,527-9789-24,86057
Annabella,Clark,Female,27,a.clark@randatmail.com,142-3989-51,39798
Frederick,Riley,Male,25,f.riley@randatmail.com,350-4269-75,180693
Brad,Crawford,Male,22,b.crawford@randatmail.com,322-4152-91,84126
Kristian,Wilson,Male,21,k.wilson@randatmail.com,355-8169-38,52366
Paul,Hunt,Male,20,p.hunt@randatmail.com,638-3210-58,53319
Julian,Cameron,Male,28,j.cameron@randatmail.com,562-5699-41,75222
Audrey,Montgomery,Female,24,a.montgomery@randatmail.com,306-1686-41,162835
Maria,Allen,Female,20,m.allen@randatmail.com,231-9205-41,32591
Derek,Kelly,Male,18,d.kelly@randatmail.com,149-3204-75,86291
Lyndon,Johnston,Male,29,l.johnston@randatmail.com,886-7870-11,90960
Steven,Martin,Male,26,s.martin@randatmail.com,411-5750-23,114613
Aldus,Baker,Male,20,a.baker@randatmail.com,214-3504-54,50076
Maximilian,Armstrong,Male,23,m.armstrong@randatmail.com,446-0785-34,189822
Kristian,Perkins,Male,28,k.perkins@randatmail.com,913-1545-00,34927
Arnold,Jones,Male,26,a.jones@randatmail.com,154-0862-24,62206
Miranda,Henderson,Female,24,m.henderson@randatmail.com,161-0612-96,164684
Gianna,Barnes,Female,27,g.barnes@randatmail.com,671-5617-62,132954
Sam,Kelley,Male,27,s.kelley@randatmail.com,059-9995-19,43114
Justin,Mitchell,Male,30,j.mitchell@randatmail.com,997-3121-10,116391
Stuart,Lloyd,Male,21,s.lloyd@randatmail.com,342-1465-80,76783
Nicole,Roberts,Female,25,n.roberts@randatmail.com,365-7320-13,182608
Adison,Grant,Male,28,a.grant@randatmail.com,429-6626-31,33473
Haris,Stevens,Male,22,h.stevens@randatmail.com,158-4561-13,39513