first_name,last_name,gender,age,email,phone,salary
Emma,Myers,Female,29,e.myers@randatmail.com,328-0492-12,37052
Audrey,Phillips,Female,27,a.phillips@randatmail.com,416-7572-91,189276
Arnold,Jones,Male,27,a.jones@randatmail.com,494-6820-72,54103
Spike,Robinson,Male,28,s.robinson@randatmail.com,816-2819-67,165785
Cadie,Russell,Female,24,c.russell@randatmail.com,589-2269-87,96065
Melissa,Ross,Female,24,m.ross@randatmail.com,333-7646-33,132846
Evelyn,Riley,Female,19,e.riley@randatmail.com,500-1330-33,46640
Alisa,Owens,Female,21,a.owens@randatmail.com,683-7381-27,186260
Marcus,Farrell,Male,22,m.farrell@randatmail.com,148-9594-84,58812
Daryl,Wells,Male,19,d.wells@randatmail.com,860-1209-45,95004
Emily,Farrell,Female,30,e.farrell@randatmail.com,264-6855-55,159838
Thomas,Roberts,Male,27,t.roberts@randatmail.com,608-4185-39,193914
Elian,Owens,Male,29,e.owens@randatmail.com,284-1123-66,179625
Alisa,Roberts,Female,24,a.roberts@randatmail.com,082-4411-31,151557
Tess,Anderson,Female,20,t.anderson@randatmail.com,752-7685-13,33159
Rebecca,Ryan,Female,24,r.ryan@randatmail.com,344-1077-62,107476
Jasmine,Johnston,Female,18,j.johnston@randatmail.com,353-8708-45,145136
Cadie,Williams,Female,24,c.williams@randatmail.com,561-5095-03,50101
Lucy,Sullivan,Female,20,l.sullivan@randatmail.com,475-0027-74,142827
Dominik,Jones,Male,20,d.jones@randatmail.com,612-5426-92,149566
Natalie,Baker,Female,19,n.baker@randatmail.com,489-0715-29,37394
Abraham,Montgomery,Male,19,a.montgomery@randatmail.com,888-6513-38,30009
Michelle,Lloyd,Female,20,m.lloyd@randatmail.com,472-0202-51,170426
Robert,Wright,Male,24,r.wright@randatmail.com,362-5222-75,122768
Derek,Richards,Male,24,d.richards@randatmail.com,501-5541-63,134644
Paul,Cooper,Male,29,p.cooper@randatmail.com,438-2262-72,80054
Oliver,Ellis,Male,22,o.ellis@randatmail.com,013-8718-36,59635
Steven,Andrews,Male,30,s.andrews@randatmail.com,466-6951-34,147053
Connie,Brown,Female,22,c.brown@randatmail.com,335-1002-05,193697
Eleanor,Craig,Female,21,e.craig@randatmail.com,482-1120-37,66852
Arnold,Foster,Male,30,a.foster@randatmail.com,474-4316-50,174906
Eddy,Harrison,Male,24,e.harrison@randatmail.com,664-0631-40,155589
Nicole,Casey,Female,23,n.casey@randatmail.com,089-6678-30,41210
Richard,Brooks,Male,30,r.brooks@randatmail.com,898-9446-67,137768
Ellia,Russell,Female,22,e.russell@randatmail.com,722-0106-31,112656
Arthur,Fowler,Male,18,a.fowler@randatmail.com,795-7026-81,37415
Maximilian,Stewart,Male,24,m.stewart@randatmail.com,047-2543-00,170747
Sarah,Clark,Female,19,s.clark@randatmail.com,198-0309-93,197875
Lucia,Murray,Female,19,l.murray@randatmail.com,377-4317-81,150010
Lydia,Wells,Female,24,l.wells@randatmail.com,070-8455-82,98660
Florrie,Moore,Female,24,f.moore@randatmail.com,730-9475-65,187979
Vincent,Higgins,Male,19,v.higgins@randatmail.com,915-7003-88,134229
Aston,Sullivan,Male,27,a.sullivan@randatmail.com,705-9070-06,150299
Aldus,Sullivan,Male,26,a.sullivan@randatmail.com,684-1876-31,69052
Kate,Phillips,Female,24,k.phillips@randatmail.com,755-3641-45,172367
Jessica,Carter,Female,24,j.carter@randatmail.com,940-5674-89,97920
Myra,Barnes,Female,25,m.barnes@randatmail.com,274-7511-65,102624
Leonardo,Casey,Male,24,l.casey@randatmail.com,793-5169-58,78918
Paige,Hill,Female,21,p.hill@randatmail.com,101-9991-42,126338
Deanna,Craig,Female,30,d.craig@randatmail.com,501-0608-90,127112
Edgar,Dixon,Male,28,e.dixon@randatmail.com,984-1189-93,143622
Dale,Jones,Male,18,d.jones@randatmail.com,888-1415-98,164939
Chelsea,Clark,Female,19,c.clark@randatmail.com,762-8382-06,199941
Florrie,Grant,Female,27,f.grant@randatmail.com,842-4922-61,149554
Robert,Spencer,Male,19,r.spencer@randatmail.com,500-1961-07,180401
Eric,Lloyd,Male,27,e.lloyd@randatmail.com,749-5853-02,58470
Jared,Payne,Male,25,j.payne@randatmail.com,238-6453-24,104815
Fiona,Edwards,Female,18,f.edwards@randatmail.com,315-2887-26,85896
James,Mason,Male,27,j.mason@randatmail.com,185-1404-35,124466
David,Hamilton,Male,20,d.hamilton@randatmail.com,245-3208-45,44429
Dexter,Brown,Male,27,d.brown@randatmail.com,811-7757-68,93183
Miranda,Hall,Female,21,m.hall@randatmail.com,250-9732-28,169197
Mike,Tucker,Male,23,m.tucker@randatmail.com,583-8975-18,127368
Daisy,Campbell,Female,22,d.campbell@randatmail.com,401-4386-78,180263
Nicholas,Allen,Male,27,n.allen@randatmail.com,941-2826-17,146011
Charlotte,Hamilton,Female,28,c.hamilton@randatmail.com,465-5873-36,180612
James,Alexander,Male,22,j.alexander@randatmail.com,982-3240-94,89372
Belinda,Barnes,Female,27,b.barnes@randatmail.com,080-7213-11,137149
Kate,Ross,Female,26,k.ross@randatmail.com,305-5317-25,152922
Tara,Dixon,Female,30,t.dixon@randatmail.com,217-6169-48,33044
Emily,Elliott,Female,29,e.elliott@randatmail.com,080-0069-25,71693
Dainton,Murray,Male,25,d.murray@randatmail.com,956-6587-95,48445
Briony,Russell,Female,23,b.russell@randatmail.com,798-0948-44,42563
Tony,Payne,Male,22,t.payne@randatmail.com,225-6949-16,44211
Ellia,Wilson,Female,19,e.wilson@randatmail.com,884-7011-95,67251
Jordan,West,Male,25,j.west@randatmail.com,737-2953-92,176902
Lucy,Howard,Female,29,l.howard@randatmail.com,791-0147-94,50154
Maya,Ryan,Female,30,m.ryan@randatmail.com,668-8065-75,132741
Frederick,Spencer,Male,23,f.spencer@randatmail.com,734-3827-04,52620
Lana,Baker,Female,26,l.baker@randatmail.com,108-1054-80,81359
Stella,Ellis,Female,19,s.ellis@randatmail.com,593-6876-62,143221
Patrick,Taylor,Male,27,p.taylor@randatmail.com,825-7848-13,172038
Antony,Crawford,Male,24,a.crawford@randatmail.com,865-5757-18,79684
James,Edwards,Male,19,j.edwards@randatmail.com,921-6923-68,44986
Brianna,Kelley,Female,18,b.kelley@randatmail.com,832-1895-90,129445
Ted,Wilson,Male,23,t.wilson@randatmail.com,678-2248-38,57857
Ellia,Hunt,Female,24,e.hunt@randatmail.com,542-0063-07,193763
Rebecca,Montgomery,Female,29,r.montgomery@randatmail.com,749-6775-72,141950
Alina,Barrett,Female,19,a.barrett@randatmail.com,662-7300-17,53548
Mary,Reed,Female,21,m.reed@randatmail.com,029-6054-42,124593
Amelia,Casey,Female,18,a.casey@randatmail.com,235-1416-63,118572
Eleanor,Barrett,Female,19,e.barrett@randatmail.com,484-1190-54,141971
Elian,Cunningham,Male,28,e.cunningham@randatmail.com,499-9133-28,187079
William,Kelly,Male,24,w.kelly@randatmail.com,709-5640-21,178697
Eleanor,Payne,Female,21,e.payne@randatmail.com,213-7668-23,101106
Patrick,Morris,Male,21,p.morris@randatmail.com,429-3121-31,140357
Chelsea,Miller,Female,29,c.miller@randatmail.com,660-1364-44,186808
Roland,Cunningham,Male,19,r.cunningham@randatmail.com,727-3539-34,34972
Edgar,Phillips,Male,19,e.phillips@randatmail.com,070-1406-55,170992
Walter,Tucker,Male,24,w.tucker@randatmail.com,087-1271-53,93092
Chloe,Perkins,Female,18,c.perkins@randatmail.com,664-6011-12,106067
Justin,Murray,Male,27,j.murray@randatmail.com,751-4278-69,180422
Steven,Craig,Male,21,s.craig@randatmail.com,583-7691-80,40982
Deanna,Bailey,Female,26,d.bailey@randatmail.com,952-5957-08,125879
Adele,Hamilton,Female,19,a.hamilton@randatmail.com,020-8541-90,108828
Daniel,Harris,Male,18,d.harris@randatmail.com,230-2348-46,87662
Dale,Ross,Male,28,d.ross@randatmail.com,843-9173-54,172061
April,Cunningham,Female,18,a.cunningham@randatmail.com,367-7628-12,160165
Isabella,Carroll,Female,26,i.carroll@randatmail.com,375-1093-37,69619
Abigail,Stevens,Female,24,a.stevens@randatmail.com,398-3194-44,175380
Ryan,Richardson,Male,23,r.richardson@randatmail.com,126-5848-27,119254
Cadie,Tucker,Female,24,c.tucker@randatmail.com,263-6839-79,42725
Kelsey,Ryan,Female,30,k.ryan@randatmail.com,479-7327-77,89490
Michelle,Douglas,Female,27,m.douglas@randatmail.com,350-1834-28,138437
Alexander,Elliott,Male,30,a.elliott@randatmail.com,905-5327-51,129843
Ellia,Parker,Female,25,e.parker@randatmail.com,236-5042-67,37261
Hailey,Harper,Female,19,h.harper@randatmail.com,928-5537-78,95735
Agata,Thomas,Female,21,a.thomas@randatmail.com,892-8424-03,99058
Lenny,Campbell,Male,18,l.campbell@randatmail.com,919-3008-42,176508
Andrew,Moore,Male,20,a.moore@randatmail.com,694-6374-83,180192
Victor,Richardson,Male,30,v.richardson@randatmail.com,112-7382-20,88387
Patrick,Rogers,Male,27,p.rogers@randatmail.com,320-0231-18,90292
Sarah,Hunt,Female,22,s.hunt@randatmail.com,555-1096-16,36283
Heather,Johnston,Female,18,h.johnston@randatmail.com,800-7221-14,192103
Leonardo,Brown,Male,22,l.brown@randatmail.com,843-7146-47,57378
Steven,Wright,Male,29,s.wright@randatmail.com,191-6591-98,49158
Maximilian,Jones,Male,21,m.jones@randatmail.com,193-7722-30,166839
Lyndon,Mason,Male,28,l.mason@randatmail.com,467-2619-00,178044
Roman,Casey,Male,29,r.casey@randatmail.com,397-3991-57,73256
Alford,Adams,Male,22,a.adams@randatmail.com,305-1051-72,197057
Sophia,Murphy,Female,28,s.murphy@randatmail.com,697-4143-81,82998
Lilianna,Myers,Female,29,l.myers@randatmail.com,241-6861-57,147534
Valeria,Hall,Female,19,v.hall@randatmail.com,944-8545-82,154537
Henry,Murray,Male,22,h.murray@randatmail.com,790-2170-35,173099
Violet,Brown,Female,27,v.brown@randatmail.com,920-5155-94,137203
Aiden,Foster,Male,27,a.foster@randatmail.com,720-8093-47,120031
Alina,Morris,Female,26,a.morris@randatmail.com,535-8137-94,94445
Roland,Mason,Male,24,r.mason@randatmail.com,596-9479-47,129328
Marcus,Williams,Male,30,m.williams@randatmail.com,471-1853-76,137832
Natalie,Spencer,Female,19,n.spencer@randatmail.com,847-2717-03,53907
Maria,Mitchell,Female,18,m.mitchell@randatmail.com,587-8311-29,107547
Florrie,Elliott,Female,19,f.elliott@randatmail.com,475-7969-09,42985
Agata,Smith,Female,20,a.smith@randatmail.com,133-9888-02,135721
Brad,Ryan,Male,28,b.ryan@randatmail.com,092-6584-54,166949
Maria,Kelley,Female,18,m.kelley@randatmail.com,168-3865-40,72781
Alexander,Holmes,Male,22,a.holmes@randatmail.com,684-3917-86,125281
Chelsea,Wright,Female,20,c.wright@randatmail.com,594-4208-47,31065
Jessica,Warren,Female,26,j.warren@randatmail.com,632-2498-42,48199
Spike,Murphy,Male,30,s.murphy@randatmail.com,730-2564-73,128041
Samantha,Warren,Female,29,s.warren@randatmail.com,186-0274-68,165213
Charlotte,Cunningham,Female,18,c.cunningham@randatmail.com,140-3093-06,129749
Emily,Douglas,Female,20,e.douglas@randatmail.com,977-4933-27,121211
Walter,Edwards,Male,18,w.edwards@randatmail.com,156-1953-67,155120
Leonardo,Jones,Male,28,l.jones@randatmail.com,536-7044-24,74286
Blake,Williams,Male,23,b.williams@randatmail.com,916-6925-73,131586
Antony,Morrison,Male,22,a.morrison@randatmail.com,896-9488-47,37250
Stella,Hall,Female,20,s.hall@randatmail.com,662-0431-53,70243
Grace,Ross,Female,26,g.ross@randatmail.com,139-9031-31,30338
Hailey,Moore,Female,28,h.moore@randatmail.com,188-6547-38,108621
Emma,Hall,Female,24,e.hall@randatmail.com,985-3641-17,173892
Rosie,Smith,Female,22,r.smith@randatmail.com,165-8055-45,181134
James,Morrison,Male,28,j.morrison@randatmail.com,653-7930-02,102308
Paige,Martin,Female,20,p.martin@randatmail.com,060-8419-80,192449
Paige,Hamilton,Female,25,p.hamilton@randatmail.com,975-2858-32,132207
Henry,Owens,Male,30,h.owens@randatmail.com,562-2902-69,36007
Briony,Payne,Female,24,b.payne@randatmail.com,438-7164-05,127343
Brooke,Alexander,Female,22,b.alexander@randatmail.com,278-8899-07,75114
Andrew,Fowler,Male,30,a.fowler@randatmail.com,897-3161-72,117996
Adele,Cooper,Female,29,a.cooper@randatmail.com,836-7973-49,80133
Adrianna,Cooper,Female,28,a.cooper@randatmail.com,720-1441-21,161470
Kellan,Crawford,Male,21,k.crawford@randatmail.com,455-2929-17,40332
Catherine,Kelly,Female,24,c.kelly@randatmail.com,980-4378-63,60110
Stella,Murray,Female,22,s.murray@randatmail.com,816-2906-71,134398
Tony,Morrison,Male,29,t.morrison@randatmail.com,069-6874-69,63703
Amber,Foster,Female,22,a.foster@randatmail.com,289-0208-26,152956
Cadie,West,Female,27,c.west@randatmail.com,161-9257-59,120174
Naomi,Sullivan,Female,27,n.sullivan@randatmail.com,392-8150-82,57696
Kevin,Jones,Male,29,k.jones@randatmail.com,302-7228-23,173438
Adrianna,Henderson,Female,29,a.henderson@randatmail.com,768-5566-40,85073
Kirsten,Robinson,Female,23,k.robinson@randatmail.com,226-3683-50,198461
Stuart,Miller,Male,24,s.miller@randatmail.com,558-4753-11,98983
Violet,Baker,Female,26,v.baker@randatmail.com,360-4856-73,69705
Lyndon,Russell,Male,24,l.russell@randatmail.com,542-3914-49,46361
Roman,Alexander,Male,29,r.alexander@randatmail.com,726-0630-33,147447
Frederick,Hunt,Male,19,f.hunt@randatmail.com,538-8822-82,84869
James,Montgomery,Male,25,j.montgomery@randatmail.com,741-9471-60,126800
Paige,Gray,Female,18,p.gray@randatmail.com,707-0257-13,109853
Nicole,Richardson,Female,27,n.richardson@randatmail.com,805-7144-98,100391
Arthur,Andrews,Male,26,a.andrews@randatmail.com,658-6487-24,35419
Jessica,Scott,Female,20,j.scott@randatmail.com,831-3636-12,144099
Brooke,Morrison,Female,26,b.morrison@randatmail.com,307-4559-20,147444
Samantha,Gibson,Female,23,s.gibson@randatmail.com,405-1418-77,52016
Dainton,Murphy,Male,26,d.murphy@randatmail.com,353-1978-08,109682
Sienna,Riley,Female,26,s.riley@randatmail.com,450-4307-13,189090
Vanessa,Farrell,Female,19,v.farrell@randatmail.com,345-8503-19,179064
Richard,Johnston,Male,21,r.johnston@randatmail.com,820-6942-90,127170
Martin,Brooks,Male,27,m.brooks@randatmail.com,671-8953-77,40204
Aiden,Riley,Male,23,a.riley@randatmail.com,349-7111-58,119073
Tyler,Henderson,Male,23,t.henderson@randatmail.com,348-5380-52,84653
Aida,Mason,Female,27,a.mason@randatmail.com,953-6425-74,151357